1,French cuisine
2,Indian cuisine
3,Japanese cuisine
4,Mexican cuisine
5,Thai cuisine
6,Italian cuisine
7,Chinese cuisine
8,Greek cuisine
9,American cuisine
10,British cuisine
11,Korean cuisine
12,Turkish cuisine
13,Middle Eastern cuisine
14,Asian cuisine
15,British cuisine
16,Mexican cuisine
17,Japanese cuisine
18,Indian cuisine
19,Italian cuisine
20,Korean cuisine
21,French cuisine
22,Thai cuisine
23,Turkish cuisine
24,Chinese cuisine
25,American cuisine
26,Greek cuisine
27,Middle Eastern cuisine
28,Asian cuisine
29,Italian cuisine
30,Japanese cuisine
31,British cuisine
32,Korean cuisine
33,Mexican cuisine
34,Indian cuisine
35,Thai cuisine
36,American cuisine
37,French cuisine
38,Greek cuisine
39,Chinese cuisine
40,Turkish cuisine
41,Middle Eastern cuisine
42,Asian cuisine
43,Italian cuisine
44,Japanese cuisine
45,Mexican cuisine
46,Korean cuisine
47,Indian cuisine
48,Thai cuisine
49,British cuisine
50,American cuisine
51,French cuisine
52,Chinese cuisine
53,Greek cuisine
54,Turkish cuisine
55,Middle Eastern cuisine
56,Italian cuisine
57,Japanese cuisine
58,Korean cuisine
59,Mexican cuisine
60,Indian cuisine
61,Thai cuisine
62,British cuisine
63,American cuisine
64,Asian cuisine
65,French cuisine
66,Greek cuisine
67,Chinese cuisine
68,Turkish cuisine
69,Middle Eastern cuisine
70,Italian cuisine
71,Japanese cuisine
72,Mexican cuisine
73,Korean cuisine
74,Indian cuisine
75,Thai cuisine
76,British cuisine
77,American cuisine
78,French cuisine
79,Greek cuisine
80,Chinese cuisine
81,Turkish cuisine
82,Middle Eastern cuisine
83,Italian cuisine
84,Japanese cuisine
85,Mexican cuisine
86,Korean cuisine
87,Indian cuisine
88,Thai cuisine
89,British cuisine
90,American cuisine
91,Asian cuisine
92,French cuisine
93,Greek cuisine
94,Chinese cuisine
95,Turkish cuisine
96,Middle Eastern cuisine
97,Italian cuisine
98,Japanese cuisine
99,Mexican cuisine
100,Korean cuisine