Fluffy Pancakes,Sweet Treats
Spinach and Feta Quiche,Savory Main Dishes
Beef Wellington,Savory Main Dishes
Chocolate Chip Cookies,Sweet Treats
Chicken Pad Thai,Savory Main Dishes
Croissant,Baked Goods
Tiramisu,Sweet Treats
Sushi Rolls,Small bites
Spanakopita,Traditional Recipes
Baklava,Sweet Treats
Omelette,Savory Main Dishes
Margherita Pizza,Traditional Recipes
Chicken Caesar Salad,Savory Main Dishes
Apple Pie,Sweet Treats
Beef Stir-Fry,Savory Main Dishes
Chocolate Cake,Sweet Treats
Falafel,Small bites
Lemon Bars,Sweet Treats
Shrimp Scampi,Savory Main Dishes
Beef Tacos,Traditional Recipes
Croque Monsieur,Savory Main Dishes
Chicken Enchiladas,Traditional Recipes
Blueberry Muffins,Sweet Treats
Pad See Ew,Traditional Recipes
Shepherd's Pie,Traditional Recipes
Tuna Salad Sandwich,Wraps and Sandwiches
Miso Soup,Soups
Key Lime Pie,Sweet Treats
Chicken Tikka Masala,Traditional Recipes
Beef Bourguignon,Traditional Recipes
Cheese Souffl√©,Savory Main Dishes
Scones,Baked Goods
Caprese Salad,Traditional Recipes
Beef Bulgogi,Traditional Recipes
Chicken Noodle Soup,Soups
Chocolate Truffles,Sweet Treats
Huevos Rancheros,Traditional Recipes
Ratatouille,Traditional Recipes
Tiramisu,Sweet Treats
Falafel Wrap,Wraps and Sandwiches
Beef Wellington,Savory Main Dishes
Lemon Chicken Piccata,Savory Main Dishes
Vegetable Stir-Fry,Savory Main Dishes
Chicken Alfredo,Traditional Recipes
Croissant Bread Pudding,Baked Goods
Spaghetti Carbonara,Traditional Recipes
Chicken Shawarma,Wraps and Sandwiches
Red Velvet Cake,Sweet Treats
Margherita Flatbread,Traditional Recipes
Gyro Wrap,Wraps and Sandwiches
Pesto Pasta,Traditional Recipes
Chicken Caesar Wrap,Wraps and Sandwiches
Mushroom Risotto,Risotto Recipes
Avocado Toast,Small bites
Chicken Quesadilla,Wraps and Sandwiches
French Onion Soup,Soups
Lemon Ricotta Pancakes,Sweet Treats