Fluffy Pancakes,Breakfast
Fluffy Pancakes,Brunch
Spinach and Feta Quiche,Breakfast
Spinach and Feta Quiche,Brunch
Spinach and Feta Quiche,Lunch
Beef Wellington,Dinner
Chocolate Chip Cookies,Snack
Chicken Pad Thai,Dinner
Croissant,Breakfast
Croissant,Brunch
Tiramisu,Snack
Sushi Rolls,Lunch
Sushi Rolls,Dinner
Spanakopita,Snack
Spanakopita,Lunch
Spanakopita,Dinner
Baklava,Snack
Omelette,Breakfast
Omelette,Brunch
Margherita Pizza,Dinner
Chicken Caesar Salad,Lunch
Chicken Caesar Salad,Dinner
Apple Pie,Snack
Beef Stir-Fry,Dinner
Chocolate Cake,Snack
Falafel,Snack
Falafel,Lunch
Falafel,Dinner
Lemon Bars,Snack
Shrimp Scampi,Dinner
Beef Tacos,Dinner
Croque Monsieur,Lunch
Croque Monsieur,Dinner
Chicken Enchiladas,Dinner
Blueberry Muffins,Breakfast
Blueberry Muffins,Brunch
Blueberry Muffins,Snack
Pad See Ew,Dinner
Shepherd's Pie,Dinner
Tuna Salad Sandwich,Lunch
Miso Soup,"Lunch, Dinner"
Key Lime Pie,Snack
Chicken Tikka Masala,Dinner
Beef Bourguignon,Dinner
Cheese Soufflé,Dinner
Scones,Breakfast
Scones,Brunch
Scones,Snack
Caprese Salad,Lunch
Caprese Salad,Dinner
Beef Bulgogi,Dinner
Chicken Noodle Soup,Lunch
Chicken Noodle Soup,Dinner
Chocolate Truffles,Snack
Huevos Rancheros,Breakfast
Huevos Rancheros,Brunch
Ratatouille,Dinner
Falafel Wrap,Lunch
Falafel Wrap,Dinner
Lemon Chicken Piccata,Dinner
Vegetable Stir-Fry,Dinner
Chicken Alfredo,Dinner
Croissant Bread Pudding,Snack
Spaghetti Carbonara,Dinner
Chicken Shawarma,Dinner
Red Velvet Cake,Snack
Margherita Flatbread,Lunch
Margherita Flatbread,Dinner
Gyro Wrap,Lunch
Pesto Pasta,Dinner
Chicken Caesar Wrap,Lunch
Mushroom Risotto,Dinner
Avocado Toast,Breakfast
Avocado Toast,Brunch
Avocado Toast,Snack
Chicken Quesadilla,Lunch
Chicken Quesadilla,Dinner
French Onion Soup,Lunch
French Onion Soup,Dinner
Lemon Ricotta Pancakes,Breakfast
Lemon Ricotta Pancakes,Brunch
Pão de Ló,Dinner
Ameijoas à Bulhão Pato,Lunch
Queijadas de Sintra,Snack
Nasi Goreng,Dinner
Sate Ayam,Dinner
Babi Guling,Dinner
Paella,Lunch
Churros,Snack
Asado,Lunch
Empanadas,Dinner
Feijoada,Lunch
Brigadeiro,Snack
Pašticada,Lunch
Fritule,Snack