1,Adjust cooking time and temperature
2,Make ahead for convenience
3,Read the entire recipe before starting
4,Practice proper food safety
5,Allow ingredients to come to room temperature
6,Experiment with different variations of liquor
7,Use quality ingredients
8,Experiment with different herbs and cheeses
9,Experiment with different varieties of apples
10,Experiment with different herbs and spices
11,Adjust cooking time and temperature for desired firmness of filling
12,Experiment with different types of lime juice
13,Adjust cooking time and temperature for desired fluffiness
14,Experiment with different variations
15,Adjust seasoning to taste
16,Use the correct cooking utensils and equipment
17,Make ahead for flavors to meld
18,Adjust cooking time and temperature for desired crust crispiness
19,Adjust cooking time and temperature for desired moistness
20,Adjust cooking time and temperature for desired crispiness
21,Experiment with different citrus flavors
22,Experiment with different toppings and salsas
23,Experiment with different fillings and sauces
24,Experiment with different types of berries
25,Adjust cooking time and temperature for desired tenderness
26,Adjust cooking time and temperature for desired rise
27,Adjust chilling time for desired firmness
28,Adjust cooking time and temperature for desired texture
29,Experiment with different variations of mushrooms for the duxelles
30,Experiment with different additions like chocolate chips or dried fruit
31,Adjust cooking time and temperature for desired creaminess
32,Adjust cooking time and temperature for desired caramelization of onions
33,Experiment with different variations like adding blueberries or lemon zest
34,Garnish with fresh fruit for presentation
35,Allow for resting time
36,Garnish with crushed peanuts and fresh cilantro for presentation
37,Experiment with different fillings
38,Garnish with cocoa powder for presentation
39,Experiment with different fillings and toppings
40,Garnish with fresh basil before serving
41,Garnish with shaved parmesan and croutons for presentation
42,Allow for resting time after baking
43,Experiment with different vegetables and sauces
44,Experiment with different frostings and fillings
45,Serve with tahini sauce for dipping
46,Dust with powdered sugar before serving
47,Adjust seasoning to taste with additional garlic and lemon juice
48,Adjust seasoning to taste with additional spices and lime juice
49,Garnish with fresh parsley before serving
50,Garnish with chopped cilantro and sliced jalape√±os for presentation
51,"Experiment with different proteins such as chicken, beef or tofu"
52,Allow for resting time before serving
53,Experiment with different types of bread and additions like avocado or pickles
54,Experiment with different types of miso paste and garnishes like tofu or seaweed
55,Allow for resting time after chilling
56,Make ahead for flavors to develop
57,Serve immediately for best texture
58,Experiment with different flavors like blueberry or lemon
59,Garnish with balsamic glaze and fresh basil for presentation
60,Allow meat to marinate for optimal flavor
61,Experiment with different coatings like cocoa powder or crushed nuts
62,Garnish with fresh cilantro and avocado slices for presentation
63,Garnish with fresh herbs before serving
64,Serve with tzatziki sauce and fresh vegetables
65,Allow the beef to come to room temperature before wrapping in pastry
66,Garnish with fresh parsley and lemon slices for presentation
67,Experiment with different combinations of vegetables and sauces
68,Experiment with different types of pasta and garnish with fresh parsley
69,Garnish with chopped parsley and grated parmesan cheese
70,Experiment with different marinades and serve with tahini sauce and pickled vegetables
71,Experiment with different cream cheese frosting recipes
72,Experiment with different types of nuts and cheese for the pesto sauce
73,Experiment with different toppings like poached eggs or cherry tomatoes
74,Experiment with different cheeses and fillings like peppers or beans
75,Garnish with toasted baguette slices and melted cheese
76,Serve with maple syrup and fresh berries for presentation